Position, Company,date, URL
Frontend Engineer (ES8/React/Redux/Saga) , Files.com, Full-Time, https://weworkremotely.com/remote-jobs/files-com-frontend-engineer-es8-react-redux-saga
Senior Rails + React Engineer to help fight evil, Simplero, Full-Time, https://weworkremotely.com/remote-jobs/simplero-senior-rails-react-engineer-to-help-fight-evil
JavaScript Developer (React or Vue or Angular.. with Node.js), RemoteMore, Full-Time, https://weworkremotely.com/remote-jobs/remotemore-javascript-developer-react-or-vue-or-angular-with-node-js
Principal React Native Developer (Fully Remote  US only), G2i Inc., Full-Time, https://weworkremotely.com/remote-jobs/g2i-inc-principal-react-native-developer-fully-remote-us-only
Full Stack React Web Developers, silverorange, Full-Time, https://weworkremotely.com/remote-jobs/silverorange-full-stack-react-web-developers
Full-stack Developer (React/Node), Lemon.io, Full-Time, https://weworkremotely.com/remote-jobs/lemon-io-full-stack-developer-react-node-1
Senior Open Source Developer & DevOps (Python  Django  React  AWS/OpenStack), OpenCraft, Full-Time, https://weworkremotely.com/remote-jobs/opencraft-senior-open-source-developer-devops-python-django-react-aws-openstack
Senior Full Stack (Rails/React) Engineer, Brightline Health, Full-Time, https://weworkremotely.com/remote-jobs/brightline-health-senior-full-stack-rails-react-engineer
Full stack Javascript Developer (React.js + Node.js), UpStack Technologies  Inc., Full-Time, https://weworkremotely.com/remote-jobs/upstack-technologies-inc-full-stack-javascript-developer-react-js-node-js
Senior Full-Stack (Ruby React) Engineer, Synergy Sports, Full-Time, https://weworkremotely.com/remote-jobs/synergy-sports-senior-full-stack-ruby-react-engineer-1
Ruby on Rails / React Software Engineer, User Interviews, Full-Time, https://weworkremotely.com/remote-jobs/user-interviews-ruby-on-rails-react-software-engineer-2
Senior Engineer: Django + React.js, Credo Health, Full-Time, https://weworkremotely.com/remote-jobs/credo-health-senior-engineer-django-react-js
Senior Software Engineer (Rails/React), Circle, Full-Time, https://weworkremotely.com/remote-jobs/circle-senior-software-engineer-rails-react-1
Senior React Developer, Toptal, Contract, https://weworkremotely.com/remote-jobs/toptal-senior-react-developer
Mid-Senior or Senior React Developer, G2i Inc., Contract, https://weworkremotely.com/remote-jobs/g2i-inc-mid-senior-or-senior-react-developer
Front-end Engineer (React), MercuryWorks, Full-Time, https://weworkremotely.com/remote-jobs/mercuryworks-front-end-engineer-react
Senior React Developer, G2i Inc., Contract, https://weworkremotely.com/remote-jobs/g2i-inc-senior-react-developer
Senior Frontend Engineer - React  Reporting, AgencyAnalytics, Full-Time, https://weworkremotely.com/remote-jobs/agencyanalytics-senior-frontend-engineer-react-reporting
Senior Front-End Engineer (Node.js/React), Crowdcast, Full-Time, https://weworkremotely.com/remote-jobs/crowdcast-senior-front-end-engineer-node-js-react
Sr. Front End Engineer - React, Facet Wealth, Full-Time, https://weworkremotely.com/remote-jobs/facet-wealth-sr-front-end-engineer-react
Staff Front End Engineer - React, Facet Wealth, Full-Time, https://weworkremotely.com/remote-jobs/facet-wealth-staff-front-end-engineer-react
Senior Frontend Developer (React), Zero44, Full-Time, https://weworkremotely.com/remote-jobs/zero44-senior-frontend-developer-react
React.js Software Developer - Remote, UpStack Technologies  Inc., Full-Time, https://weworkremotely.com/remote-jobs/upstack-technologies-inc-react-js-software-developer-remote
Front-End React Developer, Consciously, Full-Time, https://weworkremotely.com/remote-jobs/consciously-front-end-react-developer
ReactJS Web Developer - Remote/SaaS (m/f/d), SocialHub, Full-Time, https://weworkremotely.com/remote-jobs/socialhub-reactjs-web-developer-remote-saas-m-f-d-1
Senior or Staff Frontend Engineer - React (100% Remote), Close, Full-Time, https://weworkremotely.com/remote-jobs/close-senior-or-staff-frontend-engineer-react-100-remote
Senior Software Engineer - React, Method  Inc., Full-Time, https://weworkremotely.com/remote-jobs/method-inc-senior-software-engineer-react
Mobile Engineer  React Native, Trustworthy, Full-Time, https://weworkremotely.com/remote-jobs/trustworthy-mobile-engineer-react-native-1
Senior Front-End React Native Engineer, Maharishi Foundation International, Full-Time, https://weworkremotely.com/remote-jobs/maharishi-foundation-international-senior-front-end-react-native-engineer-3
Senior Frontend Developer (TypeScript / React), Corpay One, Full-Time, https://weworkremotely.com/remote-jobs/corpay-one-senior-frontend-developer-typescript-react-3
Senior Frontend Engineer (React.js), GOhiring, Full-Time, https://weworkremotely.com/remote-jobs/gohiring-senior-frontend-engineer-react-js
React Software Engineer, BuildBook, Full-Time, https://weworkremotely.com/remote-jobs/buildbook-react-software-engineer
React Frontend Developer, YASSI, Full-Time, https://weworkremotely.com/listings/yassi-react-frontend-developer
